"position","const","created","modified","description","Title","Title type","Directors","You rated","IMDb Rating","Runtime (mins)","Year","Genres","Num. Votes","Release Date (month/day/year)","URL"
"1","tt3520564","Fri Aug  5 00:00:00 2016","","","Melbourne","Feature Film","Ehsan Javidi","7","6.7","91","2014","drama","606","2014-02-07","http://www.imdb.com/title/tt3520564/"
"2","tt2582496","Thu Aug  4 00:00:00 2016","","","Me and Earl and the Dying Girl","Feature Film","Alfonso Gomez-Rejon","7","7.8","105","2015","comedy, drama","76912","2015-01-25","http://www.imdb.com/title/tt2582496/"
"3","tt0068555","Tue Jul 19 00:00:00 2016","","","Everything You Always Wanted to Know About Sex * But Were Afraid to Ask","Feature Film","Woody Allen","7","6.8","88","1972","comedy","31050","1972-08-06","http://www.imdb.com/title/tt0068555/"
"4","tt0367594","Tue Jul 19 00:00:00 2016","","","Charlie and the Chocolate Factory","Feature Film","Tim Burton","6","6.7","115","2005","adventure, comedy, family, fantasy","320055","2005-07-10","http://www.imdb.com/title/tt0367594/"
"5","tt0477348","Tue Jul 19 00:00:00 2016","","","No Country for Old Men","Feature Film","Ethan Coen, Joel Coen","8","8.1","122","2007","crime, drama, thriller","611566","2007-05-19","http://www.imdb.com/title/tt0477348/"
"6","tt0099487","Tue Jul 19 00:00:00 2016","","","Edward Scissorhands","Feature Film","Tim Burton","8","7.9","105","1990","fantasy, romance","357377","1990-12-06","http://www.imdb.com/title/tt0099487/"
"7","tt0031381","Tue Jul 19 00:00:00 2016","","","Gone with the Wind","Feature Film","Victor Fleming","9","8.2","238","1939","drama, history, romance, war","215194","1939-12-15","http://www.imdb.com/title/tt0031381/"
"8","tt1748122","Tue Jul 19 00:00:00 2016","","","Moonrise Kingdom","Feature Film","Wes Anderson","8","7.8","94","2012","adventure, comedy, drama, romance","237669","2012-05-16","http://www.imdb.com/title/tt1748122/"
"9","tt1605783","Tue Jul 19 00:00:00 2016","","","Midnight in Paris","Feature Film","Woody Allen","8","7.7","94","2011","comedy, fantasy, romance","300962","2011-05-11","http://www.imdb.com/title/tt1605783/"
"10","tt0044081","Tue Jul 19 00:00:00 2016","","","A Streetcar Named Desire","Feature Film","Elia Kazan","9","8.0","122","1951","drama","78400","1951-09-18","http://www.imdb.com/title/tt0044081/"
"11","tt0817177","Tue Jul 19 00:00:00 2016","","","Flipped","Feature Film","Rob Reiner","7","7.7","90","2010","comedy, drama, romance","60412","2010-07-26","http://www.imdb.com/title/tt0817177/"
"12","tt0118849","Wed Jul 13 00:00:00 2016","","","Children of Heaven","Feature Film","Majid Majidi","10","8.5","89","1997","drama, family","27790","1997-02","http://www.imdb.com/title/tt0118849/"
"13","tt0027977","Wed Jul 13 00:00:00 2016","","","Modern Times","Feature Film","Charlie Chaplin","9","8.6","87","1936","comedy, drama, family","142952","1936-02-05","http://www.imdb.com/title/tt0027977/"
"14","tt0032976","Wed Jul 13 00:00:00 2016","","","Rebecca","Feature Film","Alfred Hitchcock","7","8.2","130","1940","drama, film_noir, mystery, thriller","87354","1940-03-27","http://www.imdb.com/title/tt0032976/"
"15","tt0083922","Wed Jul 13 00:00:00 2016","","","Fanny and Alexander","Feature Film","Ingmar Bergman","8","8.1","188","1982","drama","43282","1982-12-17","http://www.imdb.com/title/tt0083922/"
"16","tt2084970","Wed Jul 13 00:00:00 2016","","","The Imitation Game","Feature Film","Morten Tyldum","7","8.1","114","2014","biography, drama, thriller, war","466798","2014-08-29","http://www.imdb.com/title/tt2084970/"
"17","tt0180093","Wed Jul 13 00:00:00 2016","","","Requiem for a Dream","Feature Film","Darren Aronofsky","9","8.4","102","2000","drama","573104","2000-05-14","http://www.imdb.com/title/tt0180093/"
"18","tt0088763","Wed Jul 13 00:00:00 2016","","","Back to the Future","Feature Film","Robert Zemeckis","7","8.5","116","1985","adventure, comedy, sci_fi","731523","1985-07-03","http://www.imdb.com/title/tt0088763/"
"19","tt0081505","Wed Jul 13 00:00:00 2016","","","The Shining","Feature Film","Stanley Kubrick","9","8.4","146","1980","drama, horror","609745","1980-05-23","http://www.imdb.com/title/tt0081505/"
"20","tt0117951","Wed Jul 13 00:00:00 2016","","","Trainspotting","Feature Film","Danny Boyle","8","8.2","94","1996","drama","469065","1996-02-23","http://www.imdb.com/title/tt0117951/"
"21","tt0073195","Wed Jul 13 00:00:00 2016","","","Jaws","Feature Film","Steven Spielberg","7","8.0","124","1975","adventure, drama, thriller","412121","1975-06-20","http://www.imdb.com/title/tt0073195/"
"22","tt0078748","Wed Jul 13 00:00:00 2016","","","Alien","Feature Film","Ridley Scott","7","8.5","117","1979","horror, sci_fi","563327","1979-05-25","http://www.imdb.com/title/tt0078748/"
"23","tt0208092","Wed Jul 13 00:00:00 2016","","","Snatch","Feature Film","Guy Ritchie","7","8.3","104","2000","comedy, crime","600502","2000-08-23","http://www.imdb.com/title/tt0208092/"
"24","tt0317248","Wed Jul 13 00:00:00 2016","","","City of God","Feature Film","Fernando Meirelles, Kátia Lund","8","8.7","130","2002","crime, drama","532797","2002-05-18","http://www.imdb.com/title/tt0317248/"
"25","tt0325980","Wed Jul 13 00:00:00 2016","","","Pirates of the Caribbean: The Curse of the Black Pearl","Feature Film","Gore Verbinski","7","8.1","143","2003","action, adventure, fantasy","808881","2003-06-28","http://www.imdb.com/title/tt0325980/"
"26","tt0120586","Wed Jul 13 00:00:00 2016","","","American History X","Feature Film","Tony Kaye","8","8.6","119","1998","crime, drama","781842","1998-10-30","http://www.imdb.com/title/tt0120586/"
"27","tt0078788","Wed Jul 13 00:00:00 2016","","","Apocalypse Now","Feature Film","Francis Coppola","9","8.5","153","1979","drama, war","450370","1979-05-10","http://www.imdb.com/title/tt0078788/"
"28","tt0093058","Wed Jul 13 00:00:00 2016","","","Full Metal Jacket","Feature Film","Stanley Kubrick","9","8.3","116","1987","drama, war","484857","1987-06-17","http://www.imdb.com/title/tt0093058/"
"29","tt0107290","Wed Jul 13 00:00:00 2016","","","Jurassic Park","Feature Film","Steven Spielberg","7","8.1","127","1993","adventure, sci_fi, thriller","612848","1993-06-09","http://www.imdb.com/title/tt0107290/"
"30","tt0066921","Wed Jul 13 00:00:00 2016","","","A Clockwork Orange","Feature Film","Stanley Kubrick","8","8.4","136","1971","crime, drama, sci_fi","557865","1971-12-19","http://www.imdb.com/title/tt0066921/"
"31","tt0110357","Wed Jul 13 00:00:00 2016","","","The Lion King","Feature Film","Roger Allers, Rob Minkoff","8","8.5","89","1994","animation, adventure, drama, family, musical","643684","1994-05-07","http://www.imdb.com/title/tt0110357/"
"32","tt0088247","Wed Jul 13 00:00:00 2016","","","The Terminator","Feature Film","James Cameron","8","8.1","107","1984","action, sci_fi","599740","1984-10-26","http://www.imdb.com/title/tt0088247/"
"33","tt0103064","Wed Jul 13 00:00:00 2016","","","Terminator 2: Judgment Day","Feature Film","James Cameron","8","8.5","137","1991","action, adventure, sci_fi","744338","1991-07-01","http://www.imdb.com/title/tt0103064/"
"34","tt0054215","Wed Jul 13 00:00:00 2016","","","Psycho","Feature Film","Alfred Hitchcock","8","8.5","109","1960","horror, mystery, thriller","422082","1960-06-16","http://www.imdb.com/title/tt0054215/"
"35","tt0062622","Wed Jul 13 00:00:00 2016","","","2001: A Space Odyssey","Feature Film","Stanley Kubrick","9","8.3","149","1968","adventure, mystery, sci_fi","426957","1968-04-02","http://www.imdb.com/title/tt0062622/"
"36","tt0118799","Wed Jul 13 00:00:00 2016","","","Life Is Beautiful","Feature Film","Roberto Benigni","7","8.6","116","1997","comedy, drama, romance, war","419696","1997-12-20","http://www.imdb.com/title/tt0118799/"
"37","tt0120382","Wed Jul 13 00:00:00 2016","","","The Truman Show","Feature Film","Peter Weir","8","8.1","103","1998","comedy, drama, sci_fi","667348","1998-06-01","http://www.imdb.com/title/tt0120382/"
"38","tt2106476","Wed Jul 13 00:00:00 2016","","","The Hunt","Feature Film","Thomas Vinterberg","9","8.3","115","2012","drama","169921","2012-05-20","http://www.imdb.com/title/tt2106476/"
"39","tt0405094","Wed Jul 13 00:00:00 2016","","","The Lives of Others","Feature Film","Florian Henckel von Donnersmarck","8","8.5","137","2006","drama, thriller","259196","2006-03-15","http://www.imdb.com/title/tt0405094/"
"40","tt0253474","Wed Jul 13 00:00:00 2016","","","The Pianist","Feature Film","Roman Polanski","8","8.5","150","2002","biography, drama, war","497515","2002-05-24","http://www.imdb.com/title/tt0253474/"
"41","tt0087843","Wed Jul 13 00:00:00 2016","","","Once Upon a Time in America","Feature Film","Sergio Leone","8","8.4","229","1984","crime, drama","220841","1984-02-17","http://www.imdb.com/title/tt0087843/"
"42","tt0114709","Wed Jul 13 00:00:00 2016","","","Toy Story","Feature Film","John Lasseter","8","8.3","81","1995","animation, adventure, comedy, family, fantasy","623175","1995-11-19","http://www.imdb.com/title/tt0114709/"
"43","tt0086879","Wed Jul 13 00:00:00 2016","","","Amadeus","Feature Film","Milos Forman","7","8.3","160","1984","biography, drama, history, music","270584","1984-09-06","http://www.imdb.com/title/tt0086879/"
"44","tt0077416","Wed Jul 13 00:00:00 2016","","","The Deer Hunter","Feature Film","Michael Cimino","9","8.2","183","1978","drama, war","232389","1978-12-08","http://www.imdb.com/title/tt0077416/"
"45","tt1305806","Wed Jul 13 00:00:00 2016","","","The Secret in Their Eyes","Feature Film","Juan José Campanella","8","8.2","129","2009","drama, mystery, thriller","131696","2009-08-13","http://www.imdb.com/title/tt1305806/"
"46","tt0034583","Wed Jul 13 00:00:00 2016","","","Casablanca","Feature Film","Michael Curtiz","9","8.6","102","1942","drama, romance, war","387262","1942-11-26","http://www.imdb.com/title/tt0034583/"
"47","tt0047396","Wed Jul 13 00:00:00 2016","","","Rear Window","Feature Film","Alfred Hitchcock","8","8.5","112","1954","mystery, thriller","315848","1954-08-01","http://www.imdb.com/title/tt0047396/"
"48","tt0075686","Wed Jul 13 00:00:00 2016","","","Annie Hall","Feature Film","Woody Allen","9","8.1","93","1977","comedy, romance","192759","1977-04-20","http://www.imdb.com/title/tt0075686/"
"49","tt0095765","Wed Jul 13 00:00:00 2016","","","Cinema Paradiso","Feature Film","Giuseppe Tornatore","8","8.5","155","1988","drama","152267","1988-09-29","http://www.imdb.com/title/tt0095765/"
"50","tt0043014","Wed Jul 13 00:00:00 2016","","","Sunset Blvd.","Feature Film","Billy Wilder","8","8.5","110","1950","drama, film_noir, romance","139502","1950-08-10","http://www.imdb.com/title/tt0043014/"
"51","tt0032553","Wed Jul 13 00:00:00 2016","","","The Great Dictator","Feature Film","Charles Chaplin","9","8.5","125","1940","comedy, drama, war","137441","1940-10-15","http://www.imdb.com/title/tt0032553/"
"52","tt3762944","Wed Jul 13 00:00:00 2016","","","Hello Ladies: Hello Ladies: The Movie","TV Episode","Stephen Merchant","5","6.8","85","2013","comedy","4844","2014-11-22","http://www.imdb.com/title/tt3762944/"
"53","tt0060196","Tue Jul 12 00:00:00 2016","","","The Good, the Bad and the Ugly","Feature Film","Sergio Leone","7","8.9","161","1966","western","503113","1966-12-23","http://www.imdb.com/title/tt0060196/"
"54","tt0075314","Tue Jul 12 00:00:00 2016","","","Taxi Driver","Feature Film","Martin Scorsese","9","8.3","113","1976","crime, drama","506621","1976-02-08","http://www.imdb.com/title/tt0075314/"
"55","tt5332732","Fri Jun 24 00:00:00 2016","","","Shahrzad","TV Series","Hassan Fathi","7","8.6","60","2015","drama, romance","1966","2015-01-07","http://www.imdb.com/title/tt5332732/"
"56","tt0845439","Mon Jun 13 00:00:00 2016","","","Fireworks Wednesday","Feature Film","Asghar Farhadi","9","8.0","102","2006","drama, mystery, romance","4762","2006-02-08","http://www.imdb.com/title/tt0845439/"
"57","tt4532764","Mon Jun 13 00:00:00 2016","","","Crazy","Feature Film","Abolhassan Davoodi","7","7.0","","2015","drama","547","2015-03-11","http://www.imdb.com/title/tt4532764/"
"58","tt3170832","Mon Jun  6 00:00:00 2016","","","Room","Feature Film","Lenny Abrahamson","7","8.3","118","2015","drama","160400","2015-09-04","http://www.imdb.com/title/tt3170832/"
"59","tt0338013","Mon Jun  6 00:00:00 2016","","","Eternal Sunshine of the Spotless Mind","Feature Film","Michel Gondry","8","8.3","108","2004","drama, fantasy, romance, sci_fi","666420","2004-03-09","http://www.imdb.com/title/tt0338013/"
"60","tt4163264","Wed May 25 00:00:00 2016","","","Sperm Whale","Feature Film","Saman Moghadam","7","6.6","","2015","comedy","803","2015-02","http://www.imdb.com/title/tt4163264/"
"61","tt2245049","Mon May 23 00:00:00 2016","","","Modest Reception","Feature Film","Mani Haghighi","7","7.0","100","2012","comedy, drama","1137","2012-02-13","http://www.imdb.com/title/tt2245049/"
"62","tt1306980","Mon May 23 00:00:00 2016","","","50/50","Feature Film","Jonathan Levine","7","7.7","100","2011","comedy, drama, romance","270265","2011-09-12","http://www.imdb.com/title/tt1306980/"
"63","tt5695764","Fri May 20 00:00:00 2016","","","Inversion","Feature Film","Behnam Behzadi","8","5.8","","2016","drama","12","2016-05-18","http://www.imdb.com/title/tt5695764/"
"64","tt1663202","Thu May  5 00:00:00 2016","","","The Revenant","Feature Film","Alejandro G. Iñárritu","8","8.1","156","2015","adventure, drama, thriller, western","404655","2015-12-16","http://www.imdb.com/title/tt1663202/"
"65","tt2361509","Sat Apr  2 00:00:00 2016","","","The Intern","Feature Film","Nancy Meyers","7","7.2","121","2015","comedy, drama","130183","2015-09-15","http://www.imdb.com/title/tt2361509/"
"66","tt0116852","Wed Mar 30 00:00:00 2016","","","Leily Is with Me","Feature Film","Kamal Tabrizi","7","7.8","95","1996","adventure, comedy, war","2023","1996","http://www.imdb.com/title/tt0116852/"
"67","tt2358891","Wed Mar 30 00:00:00 2016","","","The Great Beauty","Feature Film","Paolo Sorrentino","8","7.7","141","2013","drama","55468","2013-05-21","http://www.imdb.com/title/tt2358891/"
"68","tt2884018","Sun Mar 27 00:00:00 2016","","","Macbeth","Feature Film","Justin Kurzel","7","6.8","113","2015","drama, war","34076","2015-05-23","http://www.imdb.com/title/tt2884018/"
"69","tt4079782","Tue Mar  8 00:00:00 2016","","","Absolute Rest","Feature Film","Abdolreza Kahani","6","6.1","","2015","drama","394","2015-03","http://www.imdb.com/title/tt4079782/"
"70","tt3659388","Sun Mar  6 00:00:00 2016","","","The Martian","Feature Film","Ridley Scott","7","8.1","144","2015","adventure, drama, sci_fi","471181","2015-09-11","http://www.imdb.com/title/tt3659388/"
"71","tt1322269","Sun Mar  6 00:00:00 2016","","","August: Osage County","Feature Film","John Wells","7","7.3","121","2013","drama","67736","2013-09-09","http://www.imdb.com/title/tt1322269/"
"72","tt0177511","Thu Mar  3 00:00:00 2016","","","The Glass Agency","Feature Film","Ebrahim Hatamikia","8","8.2","114","1999","action, drama, romance, thriller, war","3183","1999-02-19","http://www.imdb.com/title/tt0177511/"
"73","tt2401878","Thu Mar  3 00:00:00 2016","","","Anomalisa","Feature Film","Duke Johnson, Charlie Kaufman","8","7.3","90","2015","animation, comedy, drama, romance","31289","2015-09-04","http://www.imdb.com/title/tt2401878/"
"74","tt0106330","Thu Mar  3 00:00:00 2016","","","Az Karkheh ta Rhein","Feature Film","Ebrahim Hatamikia","7","7.4","93","1993","drama, war","1566","1993","http://www.imdb.com/title/tt0106330/"
"75","tt3526482","Mon Feb  8 00:00:00 2016","","","Tales","Feature Film","Rakhshan Bani-Etemad","8","7.2","88","2014","","716","2014-08-28","http://www.imdb.com/title/tt3526482/"
"76","tt0758758","Mon Feb  8 00:00:00 2016","","","Into the Wild","Feature Film","Sean Penn","9","8.2","148","2007","adventure, biography, drama","425967","2007-09-01","http://www.imdb.com/title/tt0758758/"
"77","tt1392190","Sat Feb  6 00:00:00 2016","","","Mad Max: Fury Road","Feature Film","George Miller","7","8.1","120","2015","action, adventure, sci_fi, thriller","551378","2015-05-07","http://www.imdb.com/title/tt1392190/"
"78","tt0449059","Sat Feb  6 00:00:00 2016","","","Little Miss Sunshine","Feature Film","Jonathan Dayton, Valerie Faris","8","7.9","101","2006","comedy, drama","355600","2006-01-20","http://www.imdb.com/title/tt0449059/"
"79","tt1527186","Sat Feb  6 00:00:00 2016","","","Melancholia","Feature Film","Lars von Trier","7","7.1","130","2011","drama, sci_fi","128628","2011-05-18","http://www.imdb.com/title/tt1527186/"
"80","tt2347569","Fri Jan 15 00:00:00 2016","","","Frances Ha","Feature Film","Noah Baumbach","7","7.4","86","2012","comedy, drama, romance","43929","2012-09-01","http://www.imdb.com/title/tt2347569/"
"81","tt4108894","Fri Jan 15 00:00:00 2016","","","What's the Time in Your World?","Feature Film","Safi Yazdanian","7","7.3","101","2014","drama, romance","688","2014-10-03","http://www.imdb.com/title/tt4108894/"
"82","tt0405159","Fri Jan 15 00:00:00 2016","","","Million Dollar Baby","Feature Film","Clint Eastwood","7","8.1","132","2004","drama, sport","481737","2004-12-05","http://www.imdb.com/title/tt0405159/"
"83","tt2402927","Sun Jan 10 00:00:00 2016","","","Carol","Feature Film","Todd Haynes","8","7.3","118","2015","drama, romance","60890","2015-05-17","http://www.imdb.com/title/tt2402927/"
"84","tt0169547","Fri Dec 11 00:00:00 2015","","","American Beauty","Feature Film","Sam Mendes","9","8.4","122","1999","drama","821885","1999-09-08","http://www.imdb.com/title/tt0169547/"
"85","tt4636046","Thu Nov 19 00:00:00 2015","","","Nahid","Feature Film","Ida Panahandeh","8","6.6","105","2015","drama","417","2015-05-16","http://www.imdb.com/title/tt4636046/"
"86","tt2379713","Sun Nov 15 00:00:00 2015","","","Spectre","Feature Film","Sam Mendes","7","6.8","148","2015","action, adventure, thriller","275400","2015-10-26","http://www.imdb.com/title/tt2379713/"
"87","tt3674140","Tue Nov 10 00:00:00 2015","","","The Salt of the Earth","Documentary","Juliano Ribeiro Salgado, Wim Wenders","9","8.4","110","2014","documentary, biography, history","11717","2014-05-20","http://www.imdb.com/title/tt3674140/"
"88","tt0042192","Tue Nov  3 00:00:00 2015","","","All About Eve","Feature Film","Joseph L. Mankiewicz","8","8.3","138","1950","drama","82947","1950-10-13","http://www.imdb.com/title/tt0042192/"
"89","tt0335266","Tue Sep 15 00:00:00 2015","","","Lost in Translation","Feature Film","Sofia Coppola","9","7.8","101","2003","drama","321101","2003-08-29","http://www.imdb.com/title/tt0335266/"
"90","tt0467406","Sat Sep  5 00:00:00 2015","","","Juno","Feature Film","Jason Reitman","8","7.5","96","2007","comedy, drama, romance","414094","2007-09-01","http://www.imdb.com/title/tt0467406/"
"91","tt0870984","Sat Sep  5 00:00:00 2015","","","Antichrist","Feature Film","Lars von Trier","6","6.6","108","2009","drama, horror","88202","2009-05-18","http://www.imdb.com/title/tt0870984/"
"92","tt3507558","Mon Aug 31 00:00:00 2015","","","Red Carpet","Feature Film","Reza Attaran","6","5.4","85","2014","comedy","610","2014-02-02","http://www.imdb.com/title/tt3507558/"
"93","tt0111161","Sun Aug 30 00:00:00 2015","","","The Shawshank Redemption","Feature Film","Frank Darabont","8","9.3","142","1994","crime, drama","1688297","1994-09-10","http://www.imdb.com/title/tt0111161/"
"94","tt0073486","Sun Aug 30 00:00:00 2015","","","One Flew Over the Cuckoo's Nest","Feature Film","Milos Forman","9","8.7","133","1975","drama","679509","1975-11-19","http://www.imdb.com/title/tt0073486/"
"95","tt1022603","Sun Aug 30 00:00:00 2015","","","(500) Days of Summer","Feature Film","Marc Webb","8","7.7","95","2009","comedy, drama, romance","376320","2009-01-17","http://www.imdb.com/title/tt1022603/"
"96","tt0309987","Sun Aug 30 00:00:00 2015","","","The Dreamers","Feature Film","Bernardo Bertolucci","7","7.2","115","2003","drama, romance","80790","2003-09-01","http://www.imdb.com/title/tt0309987/"
"97","tt1621444","Wed Aug 26 00:00:00 2015","","","Bill Cunningham New York","Documentary","Richard Press","8","7.9","84","2010","documentary, biography","4259","2010-03-24","http://www.imdb.com/title/tt1621444/"
"98","tt2718492","Tue Aug 25 00:00:00 2015","","","Ida","Feature Film","Pawel Pawlikowski","7","7.4","82","2013","drama","34596","2013-08-30","http://www.imdb.com/title/tt2718492/"
"99","tt0482571","Tue Aug 25 00:00:00 2015","","","The Prestige","Feature Film","Christopher Nolan","8","8.5","130","2006","drama, mystery, sci_fi, thriller","843228","2006-10-17","http://www.imdb.com/title/tt0482571/"
"100","tt0110413","Tue Aug 25 00:00:00 2015","","","Léon: The Professional","Feature Film","Luc Besson","9","8.6","110","1994","crime, drama, thriller","725048","1994-09-14","http://www.imdb.com/title/tt0110413/"
"101","tt1570728","Tue Aug 25 00:00:00 2015","","","Crazy, Stupid, Love.","Feature Film","Glenn Ficarra, John Requa","6","7.4","118","2011","comedy, drama, romance","375243","2011-07-19","http://www.imdb.com/title/tt1570728/"
"102","tt0211915","Tue Aug 25 00:00:00 2015","","","Amélie","Feature Film","Jean-Pierre Jeunet","8","8.4","122","2001","comedy, romance","533847","2001-04-25","http://www.imdb.com/title/tt0211915/"
"103","tt0108052","Thu Aug 20 00:00:00 2015","","","Schindler's List","Feature Film","Steven Spielberg","9","8.9","195","1993","biography, drama, history","864281","1993-11-30","http://www.imdb.com/title/tt0108052/"
"104","tt0443706","Thu Aug 20 00:00:00 2015","","","Zodiac","Feature Film","David Fincher","7","7.7","157","2007","crime, drama, history, mystery, thriller","300985","2007-03-02","http://www.imdb.com/title/tt0443706/"
"105","tt1130884","Mon Aug 17 00:00:00 2015","","","Shutter Island","Feature Film","Martin Scorsese","8","8.1","138","2010","mystery, thriller","785213","2010-02-13","http://www.imdb.com/title/tt1130884/"
"106","tt0903624","Mon Aug 17 00:00:00 2015","","","The Hobbit: An Unexpected Journey","Feature Film","Peter Jackson","7","7.9","169","2012","adventure, fantasy","636874","2012-11-28","http://www.imdb.com/title/tt0903624/"
"107","tt0120863","Sat Aug 15 00:00:00 2015","","","The Thin Red Line","Feature Film","Terrence Malick","8","7.6","170","1998","drama, war","138885","1998-12-23","http://www.imdb.com/title/tt0120863/"
"108","tt1255953","Sat Aug 15 00:00:00 2015","","","Incendies","Feature Film","Denis Villeneuve","8","8.2","139","2010","drama, mystery, war","80317","2010-09-04","http://www.imdb.com/title/tt1255953/"
"109","tt0499549","Thu Aug 13 00:00:00 2015","","","Avatar","Feature Film","James Cameron","7","7.9","162","2009","action, adventure, fantasy, sci_fi","885718","2009-12-10","http://www.imdb.com/title/tt0499549/"
"110","tt1659337","Thu Aug 13 00:00:00 2015","","","The Perks of Being a Wallflower","Feature Film","Stephen Chbosky","8","8.0","102","2012","drama, romance","350926","2012-09-08","http://www.imdb.com/title/tt1659337/"
"111","tt1937390","Thu Aug 13 00:00:00 2015","","","Nymphomaniac: Vol. I","Feature Film","Lars von Trier","7","7.0","117","2013","drama","81904","2013-12-25","http://www.imdb.com/title/tt1937390/"
"112","tt0421715","Thu Aug 13 00:00:00 2015","","","The Curious Case of Benjamin Button","Feature Film","David Fincher","8","7.8","166","2008","drama, fantasy, romance","459118","2008-12-10","http://www.imdb.com/title/tt0421715/"
"113","tt0120689","Thu Aug 13 00:00:00 2015","","","The Green Mile","Feature Film","Frank Darabont","8","8.5","189","1999","crime, drama, fantasy, mystery","781851","1999-12-06","http://www.imdb.com/title/tt0120689/"
"114","tt0112641","Thu Aug 13 00:00:00 2015","","","Casino","Feature Film","Martin Scorsese","8","8.2","178","1995","biography, crime, drama","333272","1995-11-14","http://www.imdb.com/title/tt0112641/"
"115","tt0099674","Thu Aug 13 00:00:00 2015","","","The Godfather: Part III","Feature Film","Francis Ford Coppola","8","7.6","162","1990","crime, drama","267737","1990-12-20","http://www.imdb.com/title/tt0099674/"
"116","tt0068646","Tue Aug 11 00:00:00 2015","","","The Godfather","Feature Film","Francis Ford Coppola","9","9.2","175","1972","crime, drama","1154820","1972-03-15","http://www.imdb.com/title/tt0068646/"
"117","tt0071562","Tue Aug 11 00:00:00 2015","","","The Godfather: Part II","Feature Film","Francis Ford Coppola","9","9.0","202","1974","crime, drama","790215","1974-12-12","http://www.imdb.com/title/tt0071562/"
"118","tt0209144","Tue Aug 11 00:00:00 2015","","","Memento","Feature Film","Christopher Nolan","8","8.5","113","2000","mystery, thriller","844894","2000-09-05","http://www.imdb.com/title/tt0209144/"
"119","tt0112573","Tue Aug 11 00:00:00 2015","","","Braveheart","Feature Film","Mel Gibson","8","8.4","178","1995","biography, drama, history, war","736112","1995-05-18","http://www.imdb.com/title/tt0112573/"
"120","tt0268978","Tue Aug 11 00:00:00 2015","","","A Beautiful Mind","Feature Film","Ron Howard","8","8.2","135","2001","biography, drama","610016","2001-12-13","http://www.imdb.com/title/tt0268978/"
"121","tt3676026","Tue Aug 11 00:00:00 2015","","","Tabagheye hasas","Feature Film","Kamal Tabrizi","7","5.9","90","2014","comedy, drama","574","2014-03-09","http://www.imdb.com/title/tt3676026/"
"122","tt0120737","Mon Aug 10 00:00:00 2015","","","The Lord of the Rings: The Fellowship of the Ring","Feature Film","Peter Jackson","8","8.8","178","2001","action, adventure, drama, fantasy","1237809","2001-12-10","http://www.imdb.com/title/tt0120737/"
"123","tt0361748","Mon Aug 10 00:00:00 2015","","","Inglourious Basterds","Feature Film","Quentin Tarantino","8","8.3","153","2009","adventure, drama, war","884332","2009-05-20","http://www.imdb.com/title/tt0361748/"
"124","tt0120815","Mon Aug 10 00:00:00 2015","","","Saving Private Ryan","Feature Film","Steven Spielberg","9","8.6","169","1998","action, drama, war","880486","1998-07-24","http://www.imdb.com/title/tt0120815/"
"125","tt0947798","Mon Aug 10 00:00:00 2015","","","Black Swan","Feature Film","Darren Aronofsky","8","8.0","108","2010","drama, thriller","551045","2010-09-01","http://www.imdb.com/title/tt0947798/"
"126","tt0167261","Mon Aug 10 00:00:00 2015","","","The Lord of the Rings: The Two Towers","Feature Film","Peter Jackson","8","8.7","179","2002","action, adventure, drama, fantasy","1099561","2002-12-05","http://www.imdb.com/title/tt0167261/"
"127","tt2382009","Mon Aug 10 00:00:00 2015","","","Nymphomaniac: Vol. II","Feature Film","Lars von Trier","6","6.7","123","2013","drama","58916","2013-12-25","http://www.imdb.com/title/tt2382009/"
"128","tt0407887","Sat Aug  8 00:00:00 2015","","","The Departed","Feature Film","Martin Scorsese","8","8.5","151","2006","crime, drama, thriller","872924","2006-09-26","http://www.imdb.com/title/tt0407887/"
"129","tt0120338","Sat Aug  8 00:00:00 2015","","","Titanic","Feature Film","James Cameron","7","7.7","194","1997","drama, romance","792558","1997-11-01","http://www.imdb.com/title/tt0120338/"
"130","tt0167260","Sat Aug  8 00:00:00 2015","","","The Lord of the Rings: The Return of the King","Feature Film","Peter Jackson","8","8.9","201","2003","action, adventure, drama, fantasy","1214765","2003-12-01","http://www.imdb.com/title/tt0167260/"
"131","tt0102926","Sat Aug  8 00:00:00 2015","","","The Silence of the Lambs","Feature Film","Jonathan Demme","8","8.6","118","1991","crime, drama, horror, thriller","886692","1991-01-30","http://www.imdb.com/title/tt0102926/"
"132","tt0172495","Sat Aug  8 00:00:00 2015","","","Gladiator","Feature Film","Ridley Scott","8","8.5","155","2000","action, drama, romance","981855","2000-05-01","http://www.imdb.com/title/tt0172495/"
"133","tt0086250","Sat Aug  8 00:00:00 2015","","","Scarface","Feature Film","Brian De Palma","7","8.3","170","1983","crime, drama","536984","1983-12-01","http://www.imdb.com/title/tt0086250/"
"134","tt1392214","Sat Aug  8 00:00:00 2015","","","Prisoners","Feature Film","Denis Villeneuve","8","8.1","153","2013","crime, drama, mystery, thriller","383090","2013-08-30","http://www.imdb.com/title/tt1392214/"
"135","tt1285016","Sat Aug  8 00:00:00 2015","","","The Social Network","Feature Film","David Fincher","7","7.7","120","2010","biography, drama","479095","2010-09-24","http://www.imdb.com/title/tt1285016/"
"136","tt1853728","Thu Aug  6 00:00:00 2015","","","Django Unchained","Feature Film","Quentin Tarantino","8","8.5","165","2012","drama, western","954170","2012-12-11","http://www.imdb.com/title/tt1853728/"
"137","tt0114814","Thu Aug  6 00:00:00 2015","","","The Usual Suspects","Feature Film","Bryan Singer","9","8.6","106","1995","crime, drama, mystery, thriller","740319","1995-01-25","http://www.imdb.com/title/tt0114814/"
"138","tt1045658","Thu Aug  6 00:00:00 2015","","","Silver Linings Playbook","Feature Film","David O. Russell","7","7.8","122","2012","comedy, drama, romance","533244","2012-09-08","http://www.imdb.com/title/tt1045658/"
"139","tt0113277","Thu Aug  6 00:00:00 2015","","","Heat","Feature Film","Michael Mann","9","8.2","170","1995","action, crime, drama, thriller","430984","1995-12-15","http://www.imdb.com/title/tt0113277/"
"140","tt1360860","Mon Aug  3 00:00:00 2015","","","About Elly","Feature Film","Asghar Farhadi","9","8.1","119","2009","drama, mystery, thriller","25724","2009-02-07","http://www.imdb.com/title/tt1360860/"
"141","tt0110912","Mon Aug  3 00:00:00 2015","","","Pulp Fiction","Feature Film","Quentin Tarantino","9","8.9","154","1994","crime, drama","1323487","1994-05-12","http://www.imdb.com/title/tt0110912/"
"142","tt0470752","Fri Jul 31 00:00:00 2015","","","Ex Machina","Feature Film","Alex Garland","8","7.7","108","2015","drama, mystery, sci_fi, thriller","288878","2015-01-21","http://www.imdb.com/title/tt0470752/"
"143","tt1856010","Thu Jul 30 00:00:00 2015","","","House of Cards","TV Series","","9","9.0","51","2013","drama","310451","2013-02-01","http://www.imdb.com/title/tt1856010/"
"144","tt1091191","Thu Jul 30 00:00:00 2015","","","Lone Survivor","Feature Film","Peter Berg","7","7.6","121","2013","action, biography, drama, thriller, war","203802","2013-11-12","http://www.imdb.com/title/tt1091191/"
"145","tt1010048","Thu Jul 30 00:00:00 2015","","","Slumdog Millionaire","Feature Film","Danny Boyle, Loveleen Tandan","8","8.0","120","2008","drama, romance","641601","2008-08-30","http://www.imdb.com/title/tt1010048/"
"146","tt3060492","Fri Jul 24 00:00:00 2015","","","Before I Disappear","Feature Film","Shawn Christensen","7","7.2","93","2014","drama","6519","2014-03-10","http://www.imdb.com/title/tt3060492/"
"147","tt2404461","Tue Jul  7 00:00:00 2015","","","The Past","Feature Film","Asghar Farhadi","9","7.9","130","2013","drama, mystery","33143","2013-05-17","http://www.imdb.com/title/tt2404461/"
"148","tt1832382","Tue Jul  7 00:00:00 2015","","","A Separation","Feature Film","Asghar Farhadi","10","8.4","123","2011","drama, mystery","151662","2011-02-15","http://www.imdb.com/title/tt1832382/"
"149","tt0804503","Mon Jul  6 00:00:00 2015","","","Mad Men","TV Series","","9","8.6","47","2007","drama","143167","2007-07-19","http://www.imdb.com/title/tt0804503/"
"150","tt0114369","Thu Jun 25 00:00:00 2015","","","Se7en","Feature Film","David Fincher","9","8.6","127","1995","crime, drama, mystery, thriller","1022647","1995-09-22","http://www.imdb.com/title/tt0114369/"
"151","tt0119488","Thu Jun 25 00:00:00 2015","","","L.A. Confidential","Feature Film","Curtis Hanson","8","8.3","138","1997","crime, drama, mystery, thriller","413967","1997-05-14","http://www.imdb.com/title/tt0119488/"
"152","tt0993846","Wed Jun  3 00:00:00 2015","","","The Wolf of Wall Street","Feature Film","Martin Scorsese","8","8.2","180","2013","biography, comedy, crime, drama","779570","2013-12-17","http://www.imdb.com/title/tt0993846/"
"153","tt0109830","Wed Jun  3 00:00:00 2015","","","Forrest Gump","Feature Film","Robert Zemeckis","9","8.8","142","1994","comedy, drama","1250053","1994-06-23","http://www.imdb.com/title/tt0109830/"
"154","tt0137523","Wed Jun  3 00:00:00 2015","","","Fight Club","Feature Film","David Fincher","9","8.8","139","1999","drama","1346244","1999-09-10","http://www.imdb.com/title/tt0137523/"
"155","tt2326554","Fri May 22 00:00:00 2015","","","A Girl Walks Home Alone at Night","Feature Film","Ana Lily Amirpour","6","7.0","101","2014","drama, horror","17302","2014-01-19","http://www.imdb.com/title/tt2326554/"
"156","tt0454876","Tue May 19 00:00:00 2015","","","Life of Pi","Feature Film","Ang Lee","8","8.0","127","2012","adventure, drama, fantasy","439750","2012-09-28","http://www.imdb.com/title/tt0454876/"
"157","tt2582802","Wed May 13 00:00:00 2015","","","Whiplash","Feature Film","Damien Chazelle","8","8.5","107","2014","drama, music","398316","2014-01-16","http://www.imdb.com/title/tt2582802/"
"158","tt2205697","Sun May 10 00:00:00 2015","","","Stuck in Love","Feature Film","Josh Boone","6","7.3","97","2012","comedy, drama, romance","63870","2012-09-09","http://www.imdb.com/title/tt2205697/"
"159","tt2024544","Sat May  9 00:00:00 2015","","","12 Years a Slave","Feature Film","Steve McQueen","8","8.1","134","2013","biography, drama, history","438661","2013-08-30","http://www.imdb.com/title/tt2024544/"
"160","tt1454468","Sat May  9 00:00:00 2015","","","Gravity","Feature Film","Alfonso Cuarón","8","7.8","91","2013","adventure, drama, sci_fi, thriller","582492","2013-08-28","http://www.imdb.com/title/tt1454468/"
"161","tt1560747","Sat May  9 00:00:00 2015","","","The Master","Feature Film","Paul Thomas Anderson","7","7.1","144","2012","drama","105067","2012-09-01","http://www.imdb.com/title/tt1560747/"
"162","tt2459156","Sat Apr 18 00:00:00 2015","","","Copenhagen","Feature Film","Mark Raso","7","7.2","98","2014","adventure, drama, romance","7741","2014-01-17","http://www.imdb.com/title/tt2459156/"
"163","tt0780504","Mon Apr  6 00:00:00 2015","","","Drive","Feature Film","Nicolas Winding Refn","8","7.8","100","2011","crime, drama","431250","2011-05-20","http://www.imdb.com/title/tt0780504/"
"164","tt2278871","Mon Apr  6 00:00:00 2015","","","Blue Is the Warmest Color","Feature Film","Abdellatif Kechiche","9","7.8","180","2013","drama, romance","92290","2013-05-23","http://www.imdb.com/title/tt2278871/"
"165","tt1817273","Mon Apr  6 00:00:00 2015","","","The Place Beyond the Pines","Feature Film","Derek Cianfrance","7","7.3","140","2012","crime, drama, thriller","187051","2012-09-07","http://www.imdb.com/title/tt1817273/"
"166","tt1120985","Mon Apr  6 00:00:00 2015","","","Blue Valentine","Feature Film","Derek Cianfrance","7","7.4","112","2010","drama, romance","141337","2010-01-24","http://www.imdb.com/title/tt1120985/"
"167","tt0206634","Wed Mar 18 00:00:00 2015","","","Children of Men","Feature Film","Alfonso Cuarón","8","7.9","109","2006","drama, sci_fi, thriller","361568","2006-09-03","http://www.imdb.com/title/tt0206634/"
"168","tt1571249","Mon Mar  9 00:00:00 2015","","","The Skeleton Twins","Feature Film","Craig Johnson","7","6.8","93","2014","comedy, drama","31211","2014-01-18","http://www.imdb.com/title/tt1571249/"
"169","tt2278388","Mon Mar  9 00:00:00 2015","","","The Grand Budapest Hotel","Feature Film","Wes Anderson","9","8.1","99","2014","adventure, comedy, crime, drama","474853","2014-02-06","http://www.imdb.com/title/tt2278388/"
"170","tt2872718","Mon Mar  9 00:00:00 2015","","","Nightcrawler","Feature Film","Dan Gilroy","8","7.9","117","2014","crime, drama, thriller","292795","2014-09-05","http://www.imdb.com/title/tt2872718/"
"171","tt2238050","Mon Mar  9 00:00:00 2015","","","White Bird in a Blizzard","Feature Film","Gregg Araki","6","6.4","91","2014","drama, mystery, thriller","20762","2014-01-20","http://www.imdb.com/title/tt2238050/"
"172","tt2562232","Sun Mar  1 00:00:00 2015","","","Birdman or (The Unexpected Virtue of Ignorance)","Feature Film","Alejandro G. Iñárritu","9","7.8","119","2014","comedy, drama, romance","394499","2014-08-27","http://www.imdb.com/title/tt2562232/"
"173","tt2121382","Sat Feb 21 00:00:00 2015","","","Force Majeure","Feature Film","Ruben Östlund","8","7.3","120","2014","drama","28428","2014-05-18","http://www.imdb.com/title/tt2121382/"
"174","tt0359950","Mon Feb 16 00:00:00 2015","","","The Secret Life of Walter Mitty","Feature Film","Ben Stiller","7","7.3","114","2013","adventure, comedy, drama, fantasy, romance","236280","2013-10-05","http://www.imdb.com/title/tt0359950/"
"175","tt2267998","Tue Jan 20 00:00:00 2015","","","Gone Girl","Feature Film","David Fincher","8","8.1","149","2014","crime, drama, mystery, thriller","569164","2014-09-26","http://www.imdb.com/title/tt2267998/"
"176","tt0372784","Sat Jan 17 00:00:00 2015","","","Batman Begins","Feature Film","Christopher Nolan","7","8.3","140","2005","action, adventure","979984","2005-06-10","http://www.imdb.com/title/tt0372784/"
"177","tt1800241","Sat Jan 17 00:00:00 2015","","","American Hustle","Feature Film","David O. Russell","7","7.3","138","2013","crime, drama","358222","2013-12-12","http://www.imdb.com/title/tt1800241/"
"178","tt1825157","Sat Jan 17 00:00:00 2015","","","The Double","Feature Film","Richard Ayoade","7","6.5","93","2013","comedy, drama, thriller","34719","2013-09-07","http://www.imdb.com/title/tt1825157/"
"179","tt2737050","Sat Jan 10 00:00:00 2015","","","Two Days, One Night","Feature Film","Jean-Pierre Dardenne, Luc Dardenne","8","7.4","95","2014","drama","32097","2014-05-20","http://www.imdb.com/title/tt2737050/"
"180","tt1846445","Sun Jan  4 00:00:00 2015","","","A Cube of Sugar","Feature Film","Seyyed Reza Mir-Karimi","7","7.5","116","2011","comedy, drama, family","2261","2011-10-08","http://www.imdb.com/title/tt1846445/"
"181","tt1345836","Sun Jan  4 00:00:00 2015","","","The Dark Knight Rises","Feature Film","Christopher Nolan","8","8.5","164","2012","action, thriller","1143164","2012-07-16","http://www.imdb.com/title/tt1345836/"
"182","tt0790636","Sun Jan  4 00:00:00 2015","","","Dallas Buyers Club","Feature Film","Jean-Marc Vallée","8","8.0","117","2013","biography, drama","326164","2013-09-07","http://www.imdb.com/title/tt0790636/"
"183","tt0133093","Sun Jan  4 00:00:00 2015","","","The Matrix","Feature Film","The Wachowski Brothers, The Wachowski Brothers","9","8.7","136","1999","action, sci_fi","1216814","1999-03-24","http://www.imdb.com/title/tt0133093/"
"184","tt0903747","Mon Dec 22 00:00:00 2014","","","Breaking Bad","TV Series","","10","9.5","49","2008","crime, drama, thriller","880031","2008-01-20","http://www.imdb.com/title/tt0903747/"
"185","tt1798709","Mon Dec 22 00:00:00 2014","","","Her","Feature Film","Spike Jonze","8","8.0","126","2013","drama, romance, sci_fi","354737","2013-10-12","http://www.imdb.com/title/tt1798709/"
"186","tt3540420","Mon Dec 22 00:00:00 2014","","","The Wedlock","Feature Film","Rouhollah Hejazi","7","6.4","82","2014","drama","454","2014-05-28","http://www.imdb.com/title/tt3540420/"
"187","tt2356777","Thu Dec 18 00:00:00 2014","","","True Detective","TV Series","","10","9.1","55","2014","crime, drama, mystery, thriller","326409","2014-01-12","http://www.imdb.com/title/tt2356777/"
"188","tt1877832","Thu Dec 18 00:00:00 2014","","","X-Men: Days of Future Past","Feature Film","Bryan Singer","7","8.0","132","2014","action, adventure, fantasy, sci_fi, thriller","513634","2014-05-10","http://www.imdb.com/title/tt1877832/"
"189","tt1631867","Thu Dec 18 00:00:00 2014","","","Edge of Tomorrow","Feature Film","Doug Liman","6","7.9","113","2014","action, adventure, sci_fi","431169","2014-05-28","http://www.imdb.com/title/tt1631867/"
"190","tt0468569","Sat Dec  6 00:00:00 2014","","","The Dark Knight","Feature Film","Christopher Nolan","8","9.0","152","2008","action, crime, drama, thriller","1674395","2008-07-14","http://www.imdb.com/title/tt0468569/"
"191","tt0816692","Sat Dec  6 00:00:00 2014","","","Interstellar","Feature Film","Christopher Nolan","9","8.6","169","2014","adventure, drama, sci_fi","926904","2014-10-26","http://www.imdb.com/title/tt0816692/"
"192","tt1375666","Sat Dec  6 00:00:00 2014","","","Inception","Feature Film","Christopher Nolan","9","8.8","148","2010","action, adventure, sci_fi, thriller","1466831","2010-07-08","http://www.imdb.com/title/tt1375666/"
"193","tt0456396","Sun Nov 30 00:00:00 2014","","","L'enfant","Feature Film","Jean-Pierre Dardenne, Luc Dardenne","8","7.5","95","2005","crime, drama, romance","14375","2005-05-17","http://www.imdb.com/title/tt0456396/"
"194","tt2994190","Thu Nov 27 00:00:00 2014","","","Camp X-Ray","Feature Film","Peter Sattler","7","7.0","117","2014","drama, war","29215","2014-01-17","http://www.imdb.com/title/tt2994190/"
"195","tt2334649","Wed Nov 26 00:00:00 2014","","","Fruitvale Station","Feature Film","Ryan Coogler","7","7.5","85","2013","biography, drama, romance","53875","2013-01-19","http://www.imdb.com/title/tt2334649/"
"196","tt0315543","Mon Nov 24 00:00:00 2014","","","Open Hearts","Feature Film","Susanne Bier","7","7.6","113","2002","drama, romance","7811","2002-08-23","http://www.imdb.com/title/tt0315543/"
"197","tt0457655","Sun Nov 16 00:00:00 2014","","","After the Wedding","Feature Film","Susanne Bier","7","7.8","120","2006","drama","25565","2006-02-24","http://www.imdb.com/title/tt0457655/"
"198","tt2582846","Sun Nov 16 00:00:00 2014","","","The Fault in Our Stars","Feature Film","Josh Boone","7","7.8","126","2014","drama, romance","249340","2014-05-16","http://www.imdb.com/title/tt2582846/"
"199","tt1065073","Sun Nov  2 00:00:00 2014","","","Boyhood","Feature Film","Richard Linklater","9","8.0","165","2014","drama","265767","2014-01-19","http://www.imdb.com/title/tt1065073/"
"200","tt0069467","Wed Oct 29 00:00:00 2014","","","Cries & Whispers","Feature Film","Ingmar Bergman","8","8.2","91","1972","drama","19948","1972-12-21","http://www.imdb.com/title/tt0069467/"
"201","tt1874522","Tue Oct 28 00:00:00 2014","","","Here Without Me","Feature Film","Bahram Tavakoli","8","8.1","100","2011","drama, family","3013","2011-10-03","http://www.imdb.com/title/tt1874522/"
"202","tt3399154","Tue Oct 28 00:00:00 2014","","","Asemane Zarde Kam Omgh (Ehtemale Makoos)","Feature Film","Bahram Tavakoli","7","6.5","","2013","drama, mystery, thriller","338","2013-03-15","http://www.imdb.com/title/tt3399154/"
"203","tt1857819","Tue Oct 28 00:00:00 2014","","","Parse Dar Meh","Feature Film","Bahram Tavakoli","7","7.0","87","2010","drama","586","2010-02-15","http://www.imdb.com/title/tt1857819/"
"204","tt0416449","Mon Apr  9 00:00:00 2007","","","300","Feature Film","Zack Snyder","1","7.7","117","2006","action, drama, fantasy, war","606956","2006-12-09","http://www.imdb.com/title/tt0416449/"
